"","Name","term","estimate","std.error","statistic","p.value","p_adj_BH"
"1","C16:2","Timepoint:DietPF",-0.0601298622950243,0.00835453627613497,-7.19727107616821,1.01569941260016e-12,1.54894072457737e-09
"2","Citric acid","Timepoint:DietZGN1062",-0.073790686950629,0.0102865189528738,-7.1735333681579,1.20072924385843e-12,1.54894072457737e-09
"3","Citric acid","Timepoint:DietZGN201",-0.0827458147862177,0.0121523244502815,-6.80905246767838,1.47386869708975e-11,1.26752707949719e-08
"4","LysoPE(22:4)","Timepoint:DietMetR",-0.0903321094212171,0.0142179380855113,-6.3533902650251,2.87224144650998e-10,1.85259573299894e-07
"5","Taurodeoxycholic acid","Timepoint:DietMetR",-0.19367975073472,0.0308390497675972,-6.28034106738985,4.54492577286908e-10,2.34518169880045e-07
"6","LysoPE(18:1(9Z)/0:0)","Timepoint:DietZGN201",-0.091221254353024,0.0146915179849931,-6.20911021217847,7.07745565224452e-10,3.04330593046514e-07
"7","N-Glycolylneuraminic acid","Timepoint:DietZGN1062",-0.124164122311596,0.0208949018711621,-5.94231660321697,3.57084212844797e-09,1.31611038448511e-06
"8","C24:4","Timepoint:DietMetR",-0.0517759772328376,0.00909567089343032,-5.69237583895375,1.53473094438335e-08,4.94950729563629e-06
"9","C22:4","Timepoint:DietMetR",-0.0465263234832439,0.00841671664639236,-5.5278471924306,3.88608642589295e-08,1.11401144208931e-05
"10","PG(18:2/18:2)","Timepoint:DietMetR",-0.195259245848821,0.0361088388356682,-5.40751938154113,7.54837091582416e-08,1.62289974690219e-05
"11","C24:5","Timepoint:DietMetR",-0.0585743389786241,0.0108096880769021,-5.41868910202733,7.10113120828043e-08,1.62289974690219e-05
"12","C19:1","Timepoint:DietPF",-0.0379959305238821,0.00698589379049065,-5.43895049987776,6.35456051426942e-08,1.62289974690219e-05
"13","PG(20:4/18:1)","Timepoint:DietMetR",-0.161403392089738,0.030177448015657,-5.34847718090664,1.04051489418448e-07,1.91752030499711e-05
"14","C17:2","Timepoint:DietZGN201",0.0548954428976968,0.0102513681006697,5.35493822469517,1.00475733472134e-07,1.91752030499711e-05
"15","Citraconic acid","Timepoint:DietZGN201",-0.082000584579129,0.0155873130113292,-5.26072611228947,1.66679069309772e-07,2.68769999262007e-05
"16","Glutaconic acid","Timepoint:DietZGN201",-0.082000584579129,0.0155873130113292,-5.26072611228947,1.66679069309772e-07,2.68769999262007e-05
"17","PG(16:0/18:2)","Timepoint:DietMetR",-0.187641406555726,0.0369970869755367,-5.07178867027554,4.48894713716842e-07,6.81263741993795e-05
"18","lysoPS(22:0)","Timepoint:DietMetR",-0.0902944668182837,0.0178824722936216,-5.04932793048367,5.03911405147611e-07,7.22273014044909e-05
"19","C22:4","Timepoint:DietPF",-0.0441428893285499,0.00877324827552301,-5.03153312687009,5.52066702260405e-07,7.49648469385182e-05
"20","I(-)","Timepoint:DietMetR",0.096900068717128,0.0193676621202987,5.00318872330852,6.38070544901777e-07,8.23111002923292e-05
"21","Citraconic acid","Timepoint:DietZGN1062",-0.0651079730380822,0.0131941170079359,-4.93462146795587,9.02934138995092e-07,0.000105889549027606
"22","Glutaconic acid","Timepoint:DietZGN1062",-0.0651079730380822,0.0131941170079359,-4.93462146795587,9.02934138995092e-07,0.000105889549027606
"23","5-L-Glutamyl-taurine","Timepoint:DietMetR",-0.0983555720540327,0.0201805460250697,-4.87378150877823,1.22430244603079e-06,0.000137334796119976
"24","C17:2","Timepoint:DietZGN1062",0.041828444463154,0.00867742568031764,4.82037484435394,1.59497755731668e-06,0.000171460087411543
"25","PG(18:1/22:6)","Timepoint:DietMetR",-0.111846699067587,0.0236255632138472,-4.73413895174497,2.43129386991211e-06,0.000235626096339409
"26","C24:4","Timepoint:DietPF",-0.044716600940373,0.00948096298509897,-4.71646192593022,2.64851038521042e-06,0.000235626096339409
"27","Prostaglandin E2","Timepoint:DietZGN1062",-0.0834760670408871,0.0176789837814555,-4.72176840438364,2.5814182221667e-06,0.000235626096339409
"28","N-Acetyl-L-phenylalanine","Timepoint:DietZGN201",-0.0789371342765366,0.0166699985889451,-4.73528140121648,2.41786079748642e-06,0.000235626096339409
"29","N-acetyl-phe","Timepoint:DietZGN201",-0.0795410535310823,0.0168407265433695,-4.72313669640335,2.56438495011216e-06,0.000235626096339409
"30","LysoPE(P-16:0)","Timepoint:DietZGN1062",-0.0639217187177672,0.0136197380962198,-4.693314824865,2.96127268834267e-06,0.00025466945119747
"31","PG(18:2/22:6)","Timepoint:DietMetR",-0.12364322961517,0.0265634934490921,-4.65462985326561,3.56467898779607e-06,0.000296673283500447
"32","C18:4","Timepoint:DietMetR",0.0470444992304662,0.0101573243437874,4.63158383430379,3.97849963800827e-06,0.000320766533314416
"33","PG(18:0/18:2)","Timepoint:DietMetR",-0.113792331377818,0.0246500732981436,-4.61630803290095,4.27779136131254e-06,0.000334445506429889
"34","C26:4","Timepoint:DietMetR",-0.129447642805051,0.0282557796797199,-4.58128015833729,5.04777765671996e-06,0.000375898910937961
"35","PG(18:2(9Z,12Z)/18:0)","Timepoint:DietMetR",-0.113784283040092,0.0248485104465829,-4.57911886850101,5.09940383055373e-06,0.000375898910937961
"36","PG(18:2/18:0)","Timepoint:DietMetR",-0.113846782573751,0.0249320488994824,-4.56628266023154,5.41660665558607e-06,0.000388190143650335
"37","C22:5","Timepoint:DietPF",-0.054782820202607,0.0121268131085026,-4.51749521596869,6.80360677917627e-06,0.000474413661899318
"38","4-Hydroxyphenylpyruvic acid","Timepoint:DietZGN201",-0.0706639273904316,0.0156690067710065,-4.5097898305326,7.05164288775344e-06,0.000478769438168523
"39","Palmitic acid","Timepoint:DietPF",0.0161022761975504,0.00358179198980623,4.4955922184698,7.53151276475083e-06,0.000498238536745055
"40","PE(P-20:4/16:0)","Timepoint:DietMetR",-0.0805576411396178,0.0180468611336077,-4.46380345829779,8.72186040820613e-06,0.000562559996329295
"41","PG(18:1/16:0)","Timepoint:DietMetR",-0.0943282683842186,0.0211990344427506,-4.44964928185566,9.30796091013499e-06,0.000571774741622578
"42","Prostaglandin E2","Timepoint:DietZGN201",-0.0930092915640838,0.0208856609167565,-4.45326063344555,9.15493962768781e-06,0.000571774741622578
"43","C20:4","Timepoint:DietMetR",-0.0614937661446483,0.0138395492097992,-4.44333592174428,9.58136696216942e-06,0.000574882017730165
"44","LysoPE(0:0/18:1(11Z))","Timepoint:DietZGN201",-0.074123235666901,0.0167624889508285,-4.42197073980696,1.0564721191271e-05,0.000619476833488162
"45","L-Gulonolactone","Timepoint:DietZGN201",-0.0533375060718541,0.0121640705818151,-4.38484023198551,1.25073570193597e-05,0.000717088469109957
"46","LysoPE(22:4)","DietMetR",-0.304801285664367,0.0702256934219447,-4.34031008897266,1.52882615907362e-05,0.000857472063132595
"47","p-Hydroxymandelic acid","Timepoint:DietZGN201",-0.0613681781511778,0.0142332381577351,-4.3116104340478,1.73834129310631e-05,0.000954238411960486
"48","DAG(15:1/22:4)","Timepoint:DietMetR",-0.16169004523588,0.0375994928543599,-4.30032516295311,1.82800657059083e-05,0.00098255353169257
"49","C19:3","Timepoint:DietPF",-0.0990098440782266,0.0232740012179248,-4.25409636921274,2.24349004960421e-05,0.00118126618938344
"50","LysoPG(18:0)","Timepoint:DietMetR",-0.2048314769215,0.0485976075375053,-4.21484692972636,2.66546806989132e-05,0.00135211562144786
"51","Ribothymidine","Timepoint:DietZGN1062",-0.0685776254215522,0.0162875069245678,-4.21044336245905,2.71727039978054e-05,0.00135211562144786
"52","5,6-Dihydrouridine","Timepoint:DietZGN1062",-0.0619588514202777,0.0147178470177745,-4.20977683389772,2.72519427578639e-05,0.00135211562144786
"53","C14:0(Myristic acid)","Timepoint:DietMetR",0.0328334005279901,0.00786359689350995,4.17536668939483,3.16550938020556e-05,0.00148491167289643
"54","Cinnamoylglycine","Timepoint:DietPF",-0.0710025518440232,0.0169842930491192,-4.18048320519914,3.09600481065463e-05,0.00148491167289643
"55","Ethyl-3-hydroxybutyrate","Timepoint:Diet40CR",0.27132638644135,0.0651509819649863,4.16457861812685,3.31695309808225e-05,0.00150914519028929
"56","2-Hydroxycaproic acid","Timepoint:Diet40CR",0.271221417670736,0.065144482365446,4.1633828042296,3.33415797854611e-05,0.00150914519028929
"57","C17:1","Timepoint:DietPF",-0.0293018029501843,0.0070830646026901,-4.13688206924665,3.73794376158584e-05,0.00164876558388949
"58","Palmitoyl Serinol","Timepoint:DietZGN201",-0.0574906808171991,0.0139038674291081,-4.13486974831484,3.77043292439846e-05,0.00164876558388949
"59","Cinnamoylglycine","Timepoint:DietZGN201",-0.0792170113954315,0.0192541918288214,-4.11427350987812,4.11875983090172e-05,0.00177106672728774
"60","palmitoleic acid","Timepoint:DietZGN1062",0.0387749517873824,0.00947213666521037,4.09358027210445,4.49937480611183e-05,0.00178590569227208
"61","C16:1","Timepoint:DietZGN1062",0.0387749517873824,0.00947213666521037,4.09358027210445,4.49937480611183e-05,0.00178590569227208
"62","LysoPE(20:0)","Timepoint:DietMetR",-0.100993671325738,0.0246525351342686,-4.09668501741025,4.44021286124964e-05,0.00178590569227208
"63","PE(P-18:0/20:4)","Timepoint:DietMetR",-0.0852244881437608,0.0207634526115839,-4.10454319606818,4.29375579943838e-05,0.00178590569227208
"64","PE(P-38:5)","Timepoint:DietMetR",-0.0838169920356643,0.0204429292133449,-4.10004804893368,4.37696285880863e-05,0.00178590569227208
"65","PG(18:1/18:2)","Timepoint:DietMetR",-0.113488195402091,0.0278874160294993,-4.06951276095439,4.98405030596782e-05,0.00180793712085056
"66","12-Hydroxystearic acid","Timepoint:DietPF",0.0356752200978591,0.00878666480647083,4.06015489194337,5.18555608305974e-05,0.00180793712085056
"67","C20:2","Timepoint:DietPF",-0.0327416127950977,0.00805620179426933,-4.06415003387676,5.09859972578485e-05,0.00180793712085056
"68","Ketoleucine","Timepoint:DietZGN201",-0.0636907549648297,0.0156796291459254,-4.06200646533665,5.14508211788695e-05,0.00180793712085056
"69","2-keto-isocaproate","Timepoint:DietZGN201",-0.0636907549648297,0.0156796291459254,-4.06200646533665,5.14508211788695e-05,0.00180793712085056
"70","2-Methyl-3-ketovaleric acid","Timepoint:DietZGN201",-0.0636907549648297,0.0156796291459254,-4.06200646533665,5.14508211788695e-05,0.00180793712085056
"71","Cortisol","Timepoint:Diet40CR",0.58122259304218,0.143007443585072,4.06428209938892,5.09574900950228e-05,0.00180793712085056
"72","Phenylpropionylglycine","Timepoint:DietZGN201",-0.0573099268394712,0.0140435417875304,-4.08087416312302,4.74938388443523e-05,0.00180793712085056
"73","Sulfate","DietMetR",-0.21707352002906,0.0533124581603232,-4.07172221127506,4.93756979905437e-05,0.00180793712085056
"74","Cortisol","Timepoint:DietZGN201",-0.136957024359768,0.0337997708735041,-4.05201043735861,5.36720129542047e-05,0.00184631724562464
"75","Taurodeoxycholic acid","Timepoint:DietZGN201",-0.147016185401847,0.0364415231261312,-4.03430407925034,5.7831449469527e-05,0.00196322552146552
"76","Phenol sulphate","Timepoint:DietZGN1062",-0.176634369678663,0.0439260398351196,-4.0211767403043,6.11105922557726e-05,0.00204760166259602
"77","6-Deoxohomodolichosterone","Timepoint:DietZGN1062",-0.0866845819731007,0.0217501005190191,-3.98547960260232,7.09419116719328e-05,0.00234654015530239
"78","1-Methylguanine","Timepoint:DietZGN1062",-0.0855880015848361,0.0215382473853792,-3.97376815547841,7.4481297095208e-05,0.00243242717095743
"79","Linoleic acid","Timepoint:DietPF",-0.0330703874451787,0.00833062115812758,-3.96973848857769,7.57373180476539e-05,0.00244252850703684
"80","2-hydroxy-b-methylvalerate","Timepoint:Diet40CR",0.278832713502123,0.0704975041628012,3.95521397265653,8.04329194660035e-05,0.00256193743484307
"81","7-Methylguanine","Timepoint:DietZGN1062",-0.0814926538507685,0.0206811931018557,-3.94042323619405,8.54968596437256e-05,0.00269002314488795
"82","Hydroxyisocaproic acid","Timepoint:Diet40CR",0.278371051183822,0.070789177678937,3.93239560496618,8.83700957072739e-05,0.00274692586656345
"83","C22:4","DietMetR",-0.163280857525377,0.0415721153991558,-3.92765333102806,9.0110102120966e-05,0.00276335051887156
"84","PE(18:1/22:6)","Timepoint:DietZGN201",-0.18073148461428,0.0460614010294407,-3.92370793278224,9.1582363587581e-05,0.00276335051887156
"85","Glycerol 3-phosphate","Timepoint:DietMetR",-0.0656156656317985,0.0167288573450833,-3.92230409275881,9.21116839623854e-05,0.00276335051887156
"86","Palmitic amide","Timepoint:DietZGN201",-0.0532034382043393,0.0135754868210011,-3.91908142270333,9.3337760364287e-05,0.002765016495633
"87","N-Glycolylneuraminic acid","Timepoint:DietZGN201",-0.0966796850681053,0.0246848937000419,-3.91655261889749,9.43106401611257e-05,0.002765016495633
"88","lysoPS(22:0)","Timepoint:DietZGN201",-0.0824066153775799,0.0211311480915058,-3.89976990463218,0.000101014314944148,0.00289574369506557
"89","5,6-Dihydrouridine","Timepoint:DietZGN201",-0.067842844611823,0.0173874226051599,-3.90183445542355,0.00010016600465043,0.00289574369506557
"90","C20:4","Timepoint:DietZGN1062",-0.0537239156782197,0.013842883106669,-3.88097734151473,0.000109054442698759,0.0030918732105802
"91","Octadecanamide","Timepoint:DietZGN201",-0.054946534117998,0.0142057332552462,-3.8679125625357,0.000114996183147811,0.0032248929621886
"92","C14:0(Myristic acid)","Timepoint:DietZGN1062",0.0303092858411893,0.00786549120528787,3.85345111323915,0.000121929064127284,0.0033465636749829
"93","Indolelactic acid","Timepoint:DietZGN201",-0.115797806126756,0.0303431159677169,-3.81627932510153,0.000141603626085067,0.0038456563715734
"94","1H-Indole-3-acetamide","Timepoint:DietZGN201",-0.0710820803801468,0.0186438126160657,-3.81263649468854,0.000143685030951044,0.0038615352068093
"95","Cortisol","Timepoint:DietZGN1062",-0.107325409840123,0.0286103276056819,-3.7512821006219,0.000183379462552583,0.00487751560191406
"96","Indolelactic acid","Timepoint:DietPF",-0.099747747998901,0.0267659311905099,-3.72666832657283,0.000202036242162213,0.00531891331406643
"97","DAG(39:5)","Timepoint:DietPF",0.215626397893961,0.0581104680389367,3.71062917182978,0.000215139051153056,0.00549563120767213
"98","Indole-3-propionic acid","Timepoint:DietZGN201",-0.0889414693538944,0.0239408865605809,-3.7150449348997,0.000211454157465355,0.00549563120767213
"99","LysoPC(20:4)","DietMetR",-0.480719238541014,0.129542384166836,-3.71090312744206,0.000214908693809891,0.00549563120767213
"100","2-Hydroxycaproic acid","Timepoint:DietZGN201",-0.0569090208046447,0.0153968809065191,-3.6961395720447,0.000227658900489734,0.0057584310123874
"101","PE(P-38:6)","Timepoint:DietMetR",-0.0643114308814689,0.017416551111132,-3.69254684645133,0.000230867466194975,0.00578289381342754
"102","Ethyl-3-hydroxybutyrate","Timepoint:DietZGN201",-0.0568105710569242,0.0153984170851244,-3.68937733942835,0.000233733293687719,0.00579838363186842
"103","PC(15:1/22:6)","Timepoint:DietZGN201",-0.144969152982416,0.0393526433137695,-3.68384791401526,0.000238813092095307,0.00583084298256541
"104","gamma-D-Glutamylglycine","Timepoint:DietMetR",0.0663394763965898,0.0180121406265537,3.6830423308372,0.000239561765950362,0.00583084298256541
"105","PG(18:1/22:6)","Timepoint:DietZGN1062",-0.0866632246009862,0.0236312545257573,-3.66731374783875,0.000254628370230018,0.00608278884438378
"106","C22:3","DietMetR",-0.217800379940768,0.0593704917625074,-3.66849546761392,0.000253466180025349,0.00608278884438378
"107","LysoPE(20:1)","DietZGN1062",-0.250848302937329,0.0690523808131641,-3.63272489642396,0.000290946507315054,0.00688662375112697
"108","13-epi-12-oxo Phytodienoic Acid","Timepoint:DietZGN201",-0.0578509731907634,0.0159386572850095,-3.62960142478081,0.000294454917980182,0.00690630625808063
"109","C24:4","Timepoint:DietZGN1062",-0.0328911141434721,0.00909786200733594,-3.61525753159927,0.000311081998309443,0.00723055455530057
"110","C14:2","Timepoint:DietPF",-0.0390718655001842,0.0108315971020671,-3.60721185731028,0.000320789547233511,0.00738961635591481
"111","LysoPE(20:4)","Timepoint:DietMetR",-0.0542161972568761,0.0150612209635098,-3.59972125687755,0.000330081877972811,0.00753638270061816
"112","C22:6","Timepoint:DietPF",-0.0525234376664278,0.014658183898635,-3.58321590380093,0.000351454588729423,0.00771662042927079
"113","Ketoleucine","DietZGN1062",-0.232417872546466,0.0648829351924264,-3.58211094885232,0.000352930701803858,0.00771662042927079
"114","2-keto-isocaproate","DietZGN1062",-0.232417872546466,0.0648829351924264,-3.58211094885232,0.000352930701803858,0.00771662042927079
"115","2-Methyl-3-ketovaleric acid","DietZGN1062",-0.232417872546466,0.0648829351924264,-3.58211094885232,0.000352930701803858,0.00771662042927079
"116","LysoPE(18:1(9Z)/0:0)","Timepoint:DietZGN1062",-0.0446538792247958,0.0124358577502937,-3.59073576760244,0.000341561288128372,0.00771662042927079
"117","LysoPE(20:1)","Timepoint:DietZGN201",-0.0594416672583528,0.0166872185973486,-3.56210754426128,0.000380677828188925,0.00825335123300358
"118","Ceramide (d18:1/16:0)","Timepoint:DietMetR",-0.149973534355737,0.0422161341574884,-3.55251700206033,0.000394693167733687,0.00831999105344993
"119","Hyodeoxycholic acid","Timepoint:DietZGN201",-0.10094818739346,0.0284175032220601,-3.55232430536317,0.000394979653586413,0.00831999105344993
"120","Chenodeoxycholic acid","Timepoint:DietZGN201",-0.101008381939071,0.0284434274441579,-3.5512028969567,0.000396650736269125,0.00831999105344993
"121","Citric acid","DietZGN1062",-0.178638689793571,0.050286806684446,-3.55239677306502,0.000394871891660304,0.00831999105344993
"122","palmitoleic acid","Timepoint:DietZGN201",0.0395955073408095,0.0111902265985604,3.53840085292853,0.000416202402199639,0.00852223966408784
"123","C16:1","Timepoint:DietZGN201",0.0395955073408095,0.0111902265985604,3.53840085292853,0.000416202402199639,0.00852223966408784
"124","5-L-Glutamyl-taurine","Timepoint:DietZGN1062",-0.0714294890167625,0.0201854074449184,-3.53866966578099,0.00041578276111838,0.00852223966408784
"125","palmitoleic acid","Timepoint:DietMetR",0.0334290100105427,0.00946985541162064,3.53004439429152,0.000429446796202625,0.00865603698595916
"126","C16:1","Timepoint:DietMetR",0.0334290100105427,0.00946985541162064,3.53004439429152,0.000429446796202625,0.00865603698595916
"127","7-Methylguanine","Timepoint:DietZGN201",-0.0860454009336755,0.0244324216719069,-3.52177127953768,0.000442946326628557,0.00885892653257114
"128","6-Deoxohomodolichosterone","Timepoint:DietMetR",-0.0764234747469446,0.0217448622611012,-3.5145531771731,0.00045504723171256,0.00903093736783389
"129","PG(18:2/18:2)","DietMetR",-0.625331362263589,0.178349928846582,-3.50620471960774,0.000469428087382852,0.00916171625901739
"130","C14:2","Timepoint:DietZGN201",-0.0430333626807469,0.0122792069009032,-3.50457183660467,0.00047229002420516,0.00916171625901739
"131","N-acetyl-phe","Timepoint:DietPF",-0.0521161885606943,0.0148553539569765,-3.50824279997845,0.000465878689219957,0.00916171625901739
"132","Linoleic acid","DietZGN1062",0.13644609601145,0.0390795817132724,3.49149325631368,0.000495807638747879,0.00940576255859948
"133","N-Acetyl-L-phenylalanine","Timepoint:DietPF",-0.0513927526638852,0.0147047533171055,-3.49497550592039,0.000489441368720482,0.00940576255859948
"134","PE(18:2/18:1)","Timepoint:DietZGN201",-0.118943530111854,0.0340567716178421,-3.4925074944432,0.000493945468987537,0.00940576255859948
"135","Glutamylserine","Timepoint:DietMetR",0.0583954102658046,0.0167949562513442,3.47696114189824,0.000523218881800148,0.0098533190879152
"136","1-Methylguanine","Timepoint:DietZGN201",-0.0881747367870262,0.0254449315182987,-3.46531633318075,0.000546197514279453,0.0102115187452246
"137","PG(18:1/18:2)","Timepoint:DietZGN1062",-0.096443142973475,0.0278941340061906,-3.45747041123669,0.000562206841298546,0.0104352061190665
"138","Stearic acid","Timepoint:DietZGN201",-0.028649113826,0.00830942647675783,-3.44778474256124,0.00058257350025006,0.0107359973617511
"139","PG (34:1)","Timepoint:DietMetR",-0.0674358773969329,0.0195944545119107,-3.44157972634253,0.000595980363512401,0.0108283756187464
"140","Cholic acid","Timepoint:DietMetR",0.132903078483937,0.0386147196450905,3.44177245634449,0.000595559650856393,0.0108283756187464
"141","PE(36:3)","Timepoint:DietZGN201",-0.117583171149113,0.0342377462269579,-3.43431399863963,0.00061204431277125,0.0110424778108379
"142","4-Pyridoxic acid","Timepoint:DietZGN201",-0.0714793100720075,0.0208345997722331,-3.43079832842626,0.000619961159389003,0.011107637439053
"143","Capryloylglycine","Timepoint:DietZGN201",-0.0584077054857409,0.0170855809824146,-3.41853786218082,0.000648322732103982,0.011535673440195
"144","PC(17:1/16:0)","DietMetR",-0.239780655701104,0.070184153070589,-3.41645008467852,0.000653271019235016,0.0115441043125092
"145","C19:2","Timepoint:DietPF",-0.0640520581585651,0.0187874988847216,-3.40929138846968,0.000670506246372406,0.0117680688138831
"146","LysoPE(22:1)","Timepoint:DietZGN1062",-0.116693782874394,0.0343216581194047,-3.40000423255827,0.00069349687074525,0.0120082008491459
"147","Glycerophosphocholine","Timepoint:DietZGN1062",-0.0716538401431574,0.0210655003798418,-3.40147819188407,0.000689799730806242,0.0120082008491459
"148","C17:2","Timepoint:DietMetR",0.0294664681032972,0.0086753358235955,3.39657953334247,0.000702158364018243,0.0120771238611138
"149","PE(18:1/20:4)","Timepoint:DietZGN201",-0.091711609492394,0.0271359970086013,-3.37970296294344,0.000746330526681384,0.0127518725750859
"150","PE(P-20:4/16:0)","DietZGN1062",-0.297674412595346,0.088245366509591,-3.37325827258016,0.000763870069536466,0.0129656893381848
"151","Phenol sulphate","Timepoint:DietZGN201",-0.174938338746939,0.0518935016148715,-3.37110299561681,0.000769820739183729,0.0129812908960394
"152","Cholic acid","Timepoint:DietZGN201",-0.153542453519467,0.0456297846256655,-3.36496117128511,0.000787015335258455,0.0131850621101741
"153","LysoPE(0:0/18:1(11Z))","Timepoint:DietZGN1062",-0.0476291790776432,0.0141888624678747,-3.35680039083341,0.000810414568798654,0.0134894812096808
"154","C26:4","Timepoint:DietPF",-0.0987832062382769,0.0294526928686515,-3.35396178131537,0.000818704008540123,0.0135401047566251
"155","Sulfate","Timepoint:DietMetR",-0.0361361173482162,0.0107936738303964,-3.34789784424022,0.000836676690912965,0.0137492093156398
"156","N-acetyl-phe","Timepoint:DietMetR",-0.047672525642931,0.014251654690609,-3.34505197311188,0.000845237178412077,0.0138019741791339
"157","N-Acetyl-L-phenylalanine","Timepoint:DietMetR",-0.0471310020014973,0.0141071742344824,-3.34092435650892,0.00085779780193343,0.013918983201184
"158","C24:2","Timepoint:DietPF",-0.041284402428412,0.0123689181183353,-3.3377537172967,0.000867563717330523,0.0139894649419547
"159","1-Methylnicotinamide","Timepoint:DietZGN201",-0.0667857354367003,0.0200933982412035,-3.32376508119715,0.000911894895209316,0.0146129740971431
"160","C20:3","Timepoint:DietZGN1062",-0.0346247676142151,0.0104604508587533,-3.31006455474538,0.000957342078215445,0.0152465590234312
"161","PG(20:4/18:1)","Timepoint:DietZGN1062",-0.0997100285638393,0.0301847176526918,-3.30332818451748,0.000980449943070957,0.0155187782400188
"162","Cresol sulfate","Timepoint:DietMetR",-0.190847166329414,0.0579637572450331,-3.29252580233258,0.00101858736125669,0.0160241182441601
"163","PG(18:1/22:6)","Timepoint:DietZGN201",-0.0917963483372015,0.0279175757590915,-3.28812032711356,0.00103453171753284,0.0160788664532213
"164","PE(P-16:0/22:6)","Timepoint:DietMetR",-0.0583170058547966,0.017732171233855,-3.28876848106764,0.00103217149202052,0.0160788664532213
"165","Heneicosanoic acid","Timepoint:DietZGN201",-0.0363965035861093,0.011083427608601,-3.28386712769835,0.00105014404338572,0.0162237822271566
"166","PE(18:1/20:4)","Timepoint:DietMetR",-0.0752933089221491,0.0229641433851468,-3.27873361785612,0.00106927834711437,0.016421060330685
"167","lysoPE(20:4)","DietMetR",-0.265471217155709,0.081124020514313,-3.27241198688952,0.00109328470783685,0.0166903819302904
"168","PG(18:2/22:6)","Timepoint:DietZGN1062",-0.0866067285923393,0.0265698924976681,-3.25958144542513,0.00114355014233206,0.0173209559876165
"169","LysoPE(20:1)","Timepoint:DietMetR",-0.0460152416703973,0.014121746860723,-3.25846668434343,0.00114801685034202,0.0173209559876165
"170","Chenodeoxycholic acid","Timepoint:DietMetR",-0.0780594268451724,0.0240705711305033,-3.2429403698798,0.00121193054098383,0.0181789581147574
"171","Hyodeoxycholic acid","Timepoint:DietMetR",-0.0777179564757432,0.0240486324652974,-3.23169962316534,0.00126023914314723,0.0187943178573402
"172","C18:3","Timepoint:DietZGN1062",0.0301977799135105,0.00935986412222528,3.22630537357962,0.00128404817429864,0.0190393349982212
"173","Glu-Ala","Timepoint:Diet40CR",0.262967640623965,0.0815766870443744,3.22356362033827,0.00129630836186617,0.019111288992084
"174","hydroxyvaleric acid","Timepoint:Diet40CR",0.185622842016702,0.0576197495212983,3.22151421272821,0.0013055431583912,0.0191380758445983
"175","Indole-3-carboxylic acid","Timepoint:DietMetR",-0.0412462847250327,0.0128841145970136,-3.20132861396571,0.00139980447235054,0.020403929596974
"176","Heptadecanoic acid","Timepoint:DietZGN201",-0.0280775633420812,0.0087777415384452,-3.1987229538607,0.00141241984680423,0.020443195421792
"177","C15:1","Timepoint:DietMetR",0.0335911312954105,0.0105054149018661,3.19750639162702,0.00141834572887627,0.020443195421792
"178","6-Deoxohomodolichosterone","DietZGN1062",-0.339120820138602,0.10632781655077,-3.18938948564488,0.00145847423049587,0.0207893011860738
"179","Indolepyruvate","DietMetR",-0.352097264319714,0.110341377244021,-3.19098123581554,0.00145052328196748,0.0207893011860738
"180","PC(17:1/16:0)","DietZGN1062",-0.221125428819243,0.0694816111977159,-3.18250289547851,0.00149333889433719,0.0211693096010437
"181","C20:5","Timepoint:DietPF",-0.0474024778864167,0.014975200714772,-3.16539850044598,0.00158328532386194,0.0220804115435881
"182","Neoabietic acid","Timepoint:DietPF",-0.0474024778864167,0.014975200714772,-3.16539850044598,0.00158328532386194,0.0220804115435881
"183","Capryloylglycine","DietZGN1062",-0.223831314433691,0.0707008203631551,-3.16589416196277,0.00158061003905585,0.0220804115435881
"184","Perfluorooctanesulfonic acid","Timepoint:DietPF",0.0456558197443152,0.0144823207430871,3.15252096361062,0.00165427033395783,0.0228554799197946
"185","Propenoyl carnitine C3:1","Timepoint:DietMetR",0.0562351196246941,0.0178404647534529,3.1521106878009,0.00165657935852775,0.0228554799197946
"186","3-[2-(2H-1-3-Benzodioxol-5-yl)ethyl]-5-oxo-2-5-dihydro-1-2-3-oxadiazol-3-ium","Timepoint:DietZGN201",-0.0919509790860133,0.0291945810019148,-3.14959064081045,0.00167082737783042,0.0229294395468218
"187","2-Oxophytanate","Timepoint:DietZGN201",-0.0341489277455474,0.010866678084444,-3.14253606117518,0.0017113154405224,0.0233608139499883
"188","Citrulline","Timepoint:DietZGN201",-0.0521495804058609,0.0166420817611619,-3.13359717577904,0.00176391534993725,0.023952113699148
"189","LysoPE(22:4)","Timepoint:DietZGN1062",-0.0444742422879554,0.0142213631348797,-3.1272840631484,0.00180195634919283,0.0243405622037566
"190","PG(18:1/22:6)","DietZGN1062",-0.360683079089363,0.115524049825981,-3.12214711683563,0.0018334655462585,0.0246371932778485
"191","C22:2","Timepoint:DietPF",-0.0337496470776719,0.0108375006872746,-3.11415408880211,0.00188350262272554,0.0251784288426523
"192","LysoPE(22:6)","Timepoint:DietMetR",-0.0500532025789728,0.0161964395737179,-3.09038306543584,0.00203982512405226,0.0266006838333736
"193","2-Hydroxy-3-methylbutyric acid","Timepoint:DietZGN201",-0.0464038272963189,0.0149876831769135,-3.09613078609759,0.00200097124886461,0.0266006838333736
"194","Cellobiose","Timepoint:Diet40CR",-0.53395439615612,0.172792655307174,-3.0901452102053,0.00204144782907286,0.0266006838333736
"195","Alpha-Lactose","Timepoint:Diet40CR",-0.53395439615612,0.172792655307174,-3.0901452102053,0.00204144782907286,0.0266006838333736
"196","Lactose","Timepoint:Diet40CR",-0.53395439615612,0.172792655307174,-3.0901452102053,0.00204144782907286,0.0266006838333736
"197","2-Hydroxyvaleric acid","Timepoint:DietZGN201",-0.0459719712286678,0.0148898625051727,-3.08746781326538,0.002059795639113,0.0267048881854851
"198","N-acetyl-phe","Timepoint:DietZGN1062",-0.0439699268254765,0.0142550878621844,-3.08450759830944,0.00208025776848661,0.0268353252134773
"199","N-Acetyl-L-phenylalanine","Timepoint:DietZGN1062",-0.0433619202292708,0.0141105726012435,-3.07300925728908,0.00216152183221704,0.0277449071000994
"200","C14:2","Timepoint:DietZGN1062",-0.0318777990164487,0.0103939205235319,-3.06696582336542,0.00220539212891231,0.0281612337649753
"201","gamma-D-Glutamylglycine","DietMetR",0.272730152508099,0.0889661396684742,3.06555003425357,0.00221578699778681,0.0281612337649753
"202","lysoPE(20:4)","Timepoint:DietMetR",-0.0501663377206028,0.0164244202473026,-3.05437494689298,0.00229942678569096,0.0290809858190327
"203","lysoPS(22:0)","DietZGN1062",-0.266897722603664,0.0874415395544623,-3.05229898699838,0.00231527952289053,0.0291386398490613
"204","Taurodeoxycholic acid","Timepoint:DietZGN1062",-0.0940854876223233,0.0308464787820782,-3.05012083508822,0.00233202031050631,0.0292068563160499
"205","Prostaglandin E2","Diet40CR",-0.916642926291458,0.301208431303957,-3.04321802123278,0.00238580959864621,0.0297361776063151
"206","Glu-Ala","Timepoint:DietZGN201",-0.0586407877052033,0.0192806280680009,-3.04143555377879,0.00239988275863044,0.0297677765253199
"207","15-deoxy-delta-12-14-PGJ2","Timepoint:DietMetR",-0.0684449902601129,0.0225994965961017,-3.02860685277031,0.00250343489963749,0.0309036461294963
"208","PG(20:4/18:1)","DietMetR",-0.450377349615053,0.149053414064575,-3.02158358761198,0.00256184418415957,0.031324919408207
"209","PE(P-20:4/16:0)","DietMetR",-0.269341310694045,0.0891376323046891,-3.0216341149088,0.00256141955288006,0.031324919408207
"210","Glutamylserine","DietMetR",0.250062302143504,0.0829541837676006,3.01446281291928,0.00262233577301717,0.0319133315772844
"211","PG(18:1/18:2)","DietMetR",-0.41435869171198,0.137742415013999,-3.0082142212322,0.00267649196387829,0.0322679872280654
"212","Indolepyruvate","Timepoint:DietZGN201",-0.0794275073763397,0.0263982122056119,-3.00882145948711,0.00267118452713367,0.0322679872280654
"213","C18:4","Timepoint:DietZGN1062",0.0304623657055632,0.0101597712061326,2.99833186077809,0.0027642337958358,0.0328538125500912
"214","Hydroxyisocaproic acid","Timepoint:DietZGN201",-0.050174017894255,0.0167310031274596,-2.99886489244075,0.00275943489676437,0.0328538125500912
"215","LysoPE(22:1)","Timepoint:DietZGN201",-0.12152055495755,0.0405470428868572,-2.99702632561003,0.00277601982012398,0.0328538125500912
"216","N-Glycolylneuraminic acid","Timepoint:DietMetR",-0.0626820972145408,0.0208898695778597,-3.0005978247454,0.0027438858582736,0.0328538125500912
"217","2-hydroxy-b-methylvalerate","Timepoint:DietZGN201",-0.0497122133839695,0.0166620661702767,-2.98355635345218,0.00290033404781488,0.0340773185749876
"218","PE(16:0/20:4)","Timepoint:DietZGN201",-0.084401953311949,0.0282984425777424,-2.98256531539067,0.00290967826363518,0.0340773185749876
"219","L-Gulonolactone","DietZGN1062",-0.15007889837423,0.0503354126485259,-2.98157679608543,0.002919026125997,0.0340773185749876
"220","C22:3","Timepoint:DietMetR",-0.0358001743122949,0.0120201871260115,-2.97833751978985,0.00294985071894451,0.0342820488958416
"221","C24:5","Timepoint:DietPF",-0.0334999731208123,0.011267585837082,-2.97312783813573,0.00300004966831929,0.0347090948173263
"222","C24:1","Timepoint:DietZGN201",-0.033223477965294,0.0112091386844304,-2.96396350340831,0.00309025158110343,0.0355031630684066
"223","LysoPE(20:3)","DietZGN1062",-0.206436040705995,0.0696626604465061,-2.96336716661169,0.00309620608154709,0.0355031630684066
"224","15-deoxy-delta-12-14-PGJ2","Timepoint:DietZGN1062",-0.0669070783700459,0.0226049407323102,-2.95984312289803,0.00313160844732008,0.0357502203278133
"225","PG(18:1/18:2)","Timepoint:DietZGN201",-0.0974801318240003,0.0329536715244331,-2.95809623979911,0.00314929415490185,0.0357937397341268
"226","LysoPC(18:1)","Timepoint:DietZGN201",-0.0616430466020721,0.0208620307266642,-2.95479607952474,0.00318295443681575,0.0360176423113361
"227","Cholic acid","DietMetR",0.560946032007476,0.190727055291784,2.94109312991444,0.00332625876546236,0.0374748804143794
"228","PE(P-20:4/16:0)","Timepoint:DietZGN1062",-0.0530193027764549,0.0180512085565571,-2.93716083387645,0.00336845525064894,0.0377852806377142
"229","C18:3","Timepoint:DietMetR",0.0274552276172707,0.00935760990816748,2.93400001567786,0.00340272632452738,0.0380044758323837
"230","PG(18:2/18:2)","DietZGN1062",-0.517629357543403,0.176564649868966,-2.93167039907224,0.00342818821845284,0.0381238172569324
"231","Palmitoyl Serinol","Timepoint:DietZGN1062",-0.0344218116997898,0.0117691390164005,-2.92475190001771,0.00350483186011856,0.0388088678073214
"232","2-Hydroxyvaleric acid","Timepoint:Diet40CR",0.183886325586275,0.0629992783136643,2.91886400143715,0.00357128440703381,0.039375699872424
"233","L-Glutamine","Timepoint:DietZGN201",-0.0646979496759177,0.0221857228530252,-2.91619750704204,0.0036017550567127,0.0395426725375266
"234","LysoPE(22:4)","Timepoint:DietZGN201",-0.0489702160371994,0.0168008847047375,-2.91474031860898,0.00361850653863863,0.0395582494478291
"235","Perfluorooctanesulfonic acid","Timepoint:Diet40CR",0.202213453849215,0.0694641728083189,2.91104674070197,0.00366128526006094,0.0398570294133216
"236","C15:2","Timepoint:Diet40CR",-0.275245448031626,0.0946383081033328,-2.90839358340064,0.00369229748160916,0.0398582740692537
"237","Indole-3-carboxylic acid","Timepoint:DietZGN201",-0.0442935985189941,0.0152247479602993,-2.90931571639122,0.0036814918496805,0.0398582740692537
"238","LysoPC(14:1)","Timepoint:DietZGN201",-0.0466459467659226,0.0160561558952139,-2.90517525305214,0.00373023671523943,0.0401000446888239
"239","LysoPE(20:1)","DietMetR",-0.202530774064304,0.0697505826554441,-2.90364275614401,0.00374842691877357,0.0401283877611444
"240","PG(18:1/16:0)","Timepoint:DietZGN201",-0.0726149156978197,0.0250502239763836,-2.89877311142121,0.00380676491762251,0.0405845185432482
"241","2-Hydroxy-3-methylbutyric acid","Timepoint:Diet40CR",0.183426965888924,0.0634131593499525,2.89256942516713,0.00388228066011461,0.0412192761444268
"242","C21:2","Timepoint:DietMetR",0.11683225481733,0.0404637720037286,2.88732980223803,0.00394711954861265,0.0416055015438811
"243","C21:5","Timepoint:DietPF",-0.154166225143707,0.0533996678144704,-2.88702592082288,0.00395091003032979,0.0416055015438811
"244","All-trans-retinoic acid","Timepoint:DietZGN201",-0.0814513508629868,0.0282600390290309,-2.88220942580135,0.00401143239291683,0.0420239227263319
"245","PE(16:0/22:6)","Timepoint:DietZGN201",-0.0807225609152425,0.0280162251022514,-2.88127899531888,0.00402322050907131,0.0420239227263319
"246","PG(18:1/22:6)","DietMetR",-0.335779921762063,0.116692135610516,-2.87748544497289,0.00407160956081122,0.0423578736568264
"247","2-keto-isovalerate","Timepoint:DietZGN201",-0.0291981666108441,0.0101586359686435,-2.87422117506423,0.00411366996134029,0.0424530740010318
"248","Alpha-ketoisovaleric acid","Timepoint:DietZGN201",-0.0291981666108441,0.0101586359686435,-2.87422117506423,0.00411366996134029,0.0424530740010318
"249","Phenylacetylglycine","Timepoint:DietZGN201",-0.0823765951764639,0.0287136951043066,-2.86889565683619,0.00418313768474031,0.0429979889507171
"250","Glutaminylglutamic acid","Timepoint:DietZGN201",-0.050316292427122,0.0176220751975566,-2.85529892836337,0.00436535630223825,0.0446929335705344
"251","Cholesterol sulfate","DietZGN1062",-0.171686644146179,0.0602883296813103,-2.84775917750136,0.00446947810201688,0.0455780770877611
"252","LysoPC(14:0)","Timepoint:DietZGN201",-0.0571475325511352,0.0202298276498877,-2.82491445503998,0.00479885666469285,0.0487442921059353
"253","PE(P-38:6)","Timepoint:Diet40CR",-0.245666021827583,0.0870768236032774,-2.82125612375158,0.00485359977248042,0.0491070094627431
"254","Ribothymidine","Timepoint:DietZGN201",-0.0541969423433196,0.0192417930244767,-2.81662640661283,0.00492368926736385,0.0495328060604847
"255","L-Glutamic acid","Timepoint:DietZGN1062",-0.0535066053924613,0.0190012962034053,-2.81594501868099,0.00493408184400953,0.0495328060604847
"256","Indoxyl sulfate","Timepoint:DietZGN1062",-0.0608058427157739,0.0216180597729384,-2.81273358268215,0.00498333079579452,0.0495473531235005
"257","Nonadecanoic acid","Timepoint:DietZGN201",-0.0256071119015693,0.00910605534251899,-2.81209710883282,0.00499314411322098,0.0495473531235005
"258","C18:4","Timepoint:DietZGN201",0.0337609328364928,0.0120025867451553,2.81280473562252,0.00498223482721907,0.0495473531235005
