"","peak_id","term","estimate","std.error","statistic","p.value","p_adj_BH"
"1",528,"Timepoint:SexM",-0.289745687008272,0.0240697011842202,-12.0377766550017,5.96512432576796e-27,2.2416937216236e-23
"2",1985,"Timepoint:SexM",-0.199098952618101,0.0212612431526923,-9.3644078659102,3.31901186288873e-18,6.23642329036793e-15
"3",536,"Timepoint:SexM",-0.210351516243283,0.0262383679547684,-8.0169436073883,3.4087319741092e-14,4.27000491956746e-11
"4",2891,"Timepoint:SexM",0.265582807316972,0.0345687314669084,7.68274669179592,2.96957844662806e-13,2.78991895060706e-10
"5",5468,"Timepoint:SexM",0.241598579408761,0.031903369331966,7.57282332454735,5.97893348237221e-13,4.49376640535095e-10
"6",766,"Timepoint:SexM",0.260887664929549,0.0351375457654444,7.42475489526408,1.51965803216605e-12,9.51812480813334e-10
"7",526,"Timepoint:SexM",-0.136558953548219,0.0190450042120987,-7.17032939596136,7.3466163788774e-12,3.94408347883161e-09
"8",1875,"Timepoint:SexM",0.190139096801253,0.0277746293838224,6.84578340087596,5.20704048180042e-11,2.44600726632575e-08
"9",2874,"Timepoint:SexM",0.204686115251509,0.0300169823434421,6.81901041582309,6.10371031838589e-11,2.5486381529438e-08
"10",2735,"Timepoint:SexM",0.211341685232611,0.0323270980840317,6.53760150952138,3.16131065416238e-10,1.18802054383422e-07
"11",3207,"Timepoint:SexM",0.202837664994157,0.0312286367320899,6.49524558930634,4.0327829886122e-10,1.37774531556406e-07
"12",6524,"Timepoint:SexM",0.449385181179266,0.069815736739364,6.43673191986658,5.63512221778021e-10,1.7647324412015e-07
"13",1994,"Timepoint:SexM",-0.222731941089675,0.0350270046361427,-6.3588634941353,8.76709845690125e-10,2.53436584623345e-07
"14",2658,"Timepoint:SexM",-0.321738267313344,0.0511763077457902,-6.28685971077721,1.31494805480023e-09,3.52969627852805e-07
"15",1326,"Timepoint:SexM",-0.218785934783116,0.0348801771047007,-6.2725006850275,1.42511552644536e-09,3.57038943225445e-07
"16",5216,"Timepoint:SexM",-0.567686305002371,0.0921719383491353,-6.15899280377558,2.67972170010918e-09,6.29399634313143e-07
"17",1876,"Timepoint:SexM",0.158458183913258,0.0259861193055425,6.09780098560007,3.75376423119137e-09,8.29802704753951e-07
"18",666,"Timepoint:SexM",-0.498904646080156,0.0851327980710991,-5.86031068382708,1.35730821840103e-08,2.68461278144794e-06
"19",2436,"Timepoint:SexM",-0.498119284327283,0.0849596021714577,-5.8630133804302,1.3378748003805e-08,2.68461278144794e-06
"20",652,"Timepoint:SexM",0.381827413437553,0.0653680202968286,5.84119591971302,1.50284419168405e-08,2.82384423617433e-06
"21",2408,"Timepoint:SexM",-0.331018403452264,0.057073892652929,-5.79982174100536,1.87199355670551e-08,3.34997704099967e-06
"22",2110,"Timepoint:SexM",0.15977143823359,0.0278720465203831,5.73231815312691,2.67227373604106e-08,4.36626291306187e-06
"23",4761,"Timepoint:SexM",-0.504053039591961,0.0879208227668267,-5.73303369702023,2.66225295509277e-08,4.36626291306187e-06
"24",827,"Timepoint:SexM",-0.110046058073131,0.0195594885968071,-5.62622368823563,4.64682684713843e-08,6.98511011661849e-06
"25",1927,"Timepoint:SexM",-0.162676936909733,0.0288785968136433,-5.63313162199344,4.48344518249109e-08,6.98511011661849e-06
"26",3793,"Timepoint:SexM",-0.166400857478261,0.029825550768464,-5.57913779262729,5.92568569467411e-08,8.56489493868665e-06
"27",587,"Timepoint:SexM",-0.0813330650074885,0.0147831085595437,-5.50175659469006,8.80707483552444e-08,1.14163453898707e-05
"28",1109,"Timepoint:SexM",-0.133368268171114,0.0242413060138456,-5.50169483834492,8.80984609649413e-08,1.14163453898707e-05
"29",6118,"Timepoint:SexM",0.157713152421652,0.0286014799970689,5.51416054126619,8.26732810029244e-08,1.14163453898707e-05
"30",2483,"Timepoint:SexM",0.224686244887147,0.0412621476316989,5.44533568375233,1.17270360160702e-07,1.46900671161307e-05
"31",5571,"Timepoint:SexM",0.212514583010066,0.0391924840601606,5.42233002337529,1.31710882108488e-07,1.57316072148659e-05
"32",7331,"Timepoint:SexM",0.325899130308954,0.060140379239427,5.41897364849505,1.3395727271839e-07,1.57316072148659e-05
"33",3535,"Timepoint:SexM",0.286922762125346,0.053157350012327,5.39761222218206,1.49152822526374e-07,1.69853426380034e-05
"34",3477,"Timepoint:SexM",-0.257613715278916,0.0485193503606185,-5.30950462782808,2.31554313750456e-07,2.55935620904181e-05
"35",904,"Timepoint:SexM",-0.141372628261249,0.0269286311236942,-5.24990028686815,3.10843750669439e-07,3.33757375718786e-05
"36",7038,"Timepoint:SexM",0.147779157105141,0.0282121060777202,5.23814693940363,3.29330977210578e-07,3.43784947877042e-05
"37",2484,"Timepoint:SexM",0.312419354899848,0.0597617964391479,5.22774370107778,3.4658168458589e-07,3.52014586668588e-05
"38",5836,"SexM",-1.53980744914006,0.302694471290884,-5.08700222562154,6.86281287502717e-07,6.78696073272424e-05
"39",852,"Timepoint:SexM",-0.149187328851501,0.0294309873247152,-5.06905620275327,7.47985588276373e-07,7.20751241216054e-05
"40",3666,"Timepoint:SexM",0.150718418537727,0.0299394704278578,5.03410435735322,8.83951257756103e-07,8.10216786987179e-05
"41",7547,"Timepoint:SexM",-0.309563050512558,0.0614761116753006,-5.03550146677432,8.78084344753197e-07,8.10216786987179e-05
"42",1550,"Timepoint:SexM",-0.0816462732627292,0.0163966783922815,-4.97943981758909,1.14579442934242e-06,9.78612605788367e-05
"43",3161,"Timepoint:SexM",-0.228186329312859,0.0457883299930329,-4.98350407948007,1.12398734318511e-06,9.78612605788367e-05
"44",3664,"Timepoint:SexM",0.153658868868343,0.0308404446254403,4.9823817631212,1.12996874105809e-06,9.78612605788367e-05
"45",5603,"Timepoint:SexM",0.125131059197414,0.0254546696593894,4.91583905317966,1.54533500813277e-06,0.000129052643568066
"46",4925,"Timepoint:SexM",0.118993333818984,0.0243476515891437,4.88726123681027,1.76596395532052e-06,0.000144271577045533
"47",516,"Timepoint:SexM",0.207875778047825,0.0435056577051962,4.778132064028,2.92360986927374e-06,0.000229586346131949
"48",2991,"Timepoint:SexM",-0.140519064388285,0.0294406045595609,-4.77296803141398,2.99354203312014e-06,0.000229586346131949
"49",4289,"Timepoint:SexM",-0.247180470790577,0.0517522331980075,-4.77622810681131,2.94920813851769e-06,0.000229586346131949
"50",532,"Timepoint:SexM",-0.0801869172275197,0.0169090948679743,-4.74223593004927,3.44431495346126e-06,0.000248917992213604
"51",1681,"Timepoint:SexM",-0.0801869172275197,0.0169090948679743,-4.74223593004927,3.44431495346126e-06,0.000248917992213604
"52",3786,"Timepoint:SexM",-0.153702382689659,0.032396070325856,-4.74447613996523,3.40935748232228e-06,0.000248917992213604
"53",282,"Timepoint:SexM",-0.0618295505520475,0.0130650481861843,-4.73243953416332,3.60128576979415e-06,0.000250622813386785
"54",639,"Timepoint:SexM",-0.0618295505520475,0.0130650481861843,-4.73243953416332,3.60128576979415e-06,0.000250622813386785
"55",575,"Timepoint:SexM",-0.0967998417990846,0.0205122026326474,-4.71913443586098,3.82555970689715e-06,0.000261390061427627
"56",1420,"Timepoint:SexM",-0.221298424045685,0.0471142619944731,-4.69705806007627,4.22769153573924e-06,0.000283708299844787
"57",1538,"SexM",1.84145663047932,0.395046717629337,4.66136420909873,4.96540074622901e-06,0.000327368000075941
"58",4781,"Timepoint:SexM",-0.387071144945675,0.0835854242574244,-4.63084501136924,5.69313568319824e-06,0.000364401317758159
"59",5604,"Timepoint:SexM",0.126718606790051,0.0273705017049834,4.62975096897765,5.72104250870979e-06,0.000364401317758159
"60",3200,"Timepoint:SexM",-0.278116928969755,0.0601282550450586,-4.62539497880558,5.8334665140218e-06,0.000365369452661565
"61",1074,"Timepoint:SexM",0.44406927658102,0.0963114929085945,4.61076101273261,6.22693741953826e-06,0.000383620177420078
"62",5602,"Timepoint:SexM",0.114215882585367,0.0248417713260962,4.59773504417474,6.59855411917067e-06,0.000399957522255538
"63",3199,"Timepoint:SexM",-0.120555421625723,0.0266924994572737,-4.51645308895461,9.44680431805724e-06,0.000563509375035859
"64",1395,"Timepoint:SexM",-0.157755737857748,0.0350189552972592,-4.50486705039129,9.93852284882977e-06,0.000583577638529723
"65",753,"Timepoint:SexM",0.417669997223055,0.0935872405380554,4.462894672626,1.19339662213946e-05,0.000689966847076936
"66",359,"Timepoint:SexM",-0.0838497679343051,0.0188668391412465,-4.44429336077782,1.29364645908964e-05,0.000736594453524069
"67",4910,"Timepoint:SexM",0.124943248786115,0.0282737684309358,4.41905185335705,1.44267594992114e-05,0.000809190480567705
"68",27,"Timepoint:SexM",0.265624425051726,0.0603062552420484,4.40459159643725,1.53532867110866e-05,0.000835316550911943
"69",377,"Timepoint:SexM",-0.0748589380427401,0.0170184098129552,-4.39870345499343,1.57466814392658e-05,0.000835316550911943
"70",1214,"Timepoint:SexM",0.492033534059756,0.111871905299193,4.39818677212879,1.57816591577296e-05,0.000835316550911943
"71",2725,"Timepoint:SexM",0.130471150780063,0.029616228571452,4.40539383552127,1.53004229815173e-05,0.000835316550911943
"72",3250,"Timepoint:SexM",-0.269109442059637,0.0612862593323465,-4.3910241054246,1.62742872141368e-05,0.000849427379871195
"73",403,"Timepoint:SexM",0.0936592057386358,0.0214221025966652,4.37208277366835,1.7649060758261e-05,0.000896286085534391
"74",831,"Timepoint:SexM",-0.100779285005058,0.0230421528009606,-4.3736922446264,1.75280485945843e-05,0.000896286085534391
"75",1486,"Timepoint:SexM",-0.0752332325737903,0.0172455644580697,-4.36246854991089,1.8388773339751e-05,0.000921400136143789
"76",2358,"Timepoint:SexM",-0.363265678533127,0.083561037298468,-4.34730934748445,1.96157795011422e-05,0.000969948675859111
"77",805,"SexM",0.825913396613865,0.19058679817936,4.33352889341581,2.07989103110493e-05,0.00101509486946654
"78",6847,"SexM",-2.56245577657806,0.591806670247733,-4.32988660892484,2.11228585343282e-05,0.00101768849194879
"79",110,"Timepoint:SexM",-0.101187956997603,0.0234120063944375,-4.3220540475183,2.18359345614358e-05,0.00102774669314887
"80",362,"Timepoint:SexM",-0.0786119545192218,0.0182028596502526,-4.31865959687993,2.2152070820931e-05,0.00102774669314887
"81",1517,"Timepoint:SexM",-0.0784503477060132,0.0181540741110128,-4.3213631951862,2.18999238167739e-05,0.00102774669314887
"82",2173,"Timepoint:SexM",-0.108525038439458,0.0251591255294016,-4.31354572767774,2.26366266714912e-05,0.00103742003696907
"83",1774,"Timepoint:SexM",-0.315704223878775,0.0737123458300043,-4.28292194915155,2.57575174762669e-05,0.00116622591175676
"84",5966,"Timepoint:SexM",0.29874667187712,0.0703316133572416,4.24768688810919,2.98575642356514e-05,0.00133577055235212
"85",1478,"Timepoint:SexM",-0.136949616030875,0.0323489551526135,-4.23350971877714,3.16773219449358e-05,0.00140051030434198
"86",4844,"Timepoint:SexM",-0.396199240196458,0.0937706806194512,-4.22519317956484,3.279363674738e-05,0.001433005661589
"87",1110,"Timepoint:SexM",-0.304546211789065,0.0728716641321022,-4.17921307844681,3.96760409127961e-05,0.00171382254885388
"88",384,"Timepoint:SexM",0.0908051762522123,0.0218314160088136,4.15938096803035,4.30521855720637e-05,0.00183852401567972
"89",4919,"Timepoint:SexM",0.106368376301773,0.0257280346941452,4.13433740922227,4.77081055570701e-05,0.00201446135599404
"90",4431,"Timepoint:SexM",-0.124982834658769,0.0303108970118234,-4.12336311294306,4.98962692543942e-05,0.0020755661994493
"91",5217,"Timepoint:SexM",-0.426429969068536,0.103462636291957,-4.12158421969076,5.02598520888469e-05,0.0020755661994493
"92",795,"Timepoint:SexM",-0.100758917448029,0.0245046015076943,-4.11183660409214,5.22973951748511e-05,0.00209078309645841
"93",1378,"Timepoint:SexM",-0.100758917448029,0.0245046015076943,-4.11183660409214,5.22973951748511e-05,0.00209078309645841
"94",1404,"Timepoint:SexM",-0.185511436121674,0.0450847528486657,-4.11472669583825,5.16852119658121e-05,0.00209078309645841
"95",385,"Timepoint:SexM",0.0912177436516882,0.0224132119215834,4.06982024579207,6.20160494809598e-05,0.00242766993697341
"96",5934,"Timepoint:SexM",0.126919378025546,0.0311717799151834,4.07161151435325,6.15687723934362e-05,0.00242766993697341
"97",1390,"Timepoint:SexM",-0.255474514791314,0.0629949102385659,-4.0554786700039,6.5710326867265e-05,0.00254576709656888
"98",6246,"SexM",-2.35152126213073,0.582208442221991,-4.03896799083878,7.02226462859797e-05,0.00269282351778277
"99",4663,"Timepoint:SexM",0.133906403866958,0.0332348543787282,4.02909554954042,7.3059991141409e-05,0.00277332774453954
"100",1251,"SexM",0.851085455709081,0.212791552637067,3.99962049790894,8.21941901419575e-05,0.00305827491637105
"101",1886,"Timepoint:SexM",-0.0961954111310909,0.0240434641308589,-4.00089648511288,8.17772424803168e-05,0.00305827491637105
"102",501,"Timepoint:SexM",-0.377722528305246,0.0947051027991084,-3.98840735231008,8.59461601214607e-05,0.00310563143977355
"103",1968,"Timepoint:SexM",-0.0925975837569627,0.0232078129374889,-3.98993149446602,8.54267838337086e-05,0.00310563143977355
"104",5067,"Timepoint:SexM",-0.226376174606002,0.056714201702927,-3.99152536417204,8.48868376103903e-05,0.00310563143977355
"105",4923,"Timepoint:SexM",0.122513390548229,0.0307604961542946,3.98281581459877,8.78773792749093e-05,0.00314517325062009
"106",4929,"Timepoint:SexM",0.0802216042529507,0.0201648222106833,3.97829464672638,8.94689842313174e-05,0.00317192870510652
"107",4546,"Timepoint:SexM",-0.0885506381375796,0.0223299025296885,-3.96556312862755,9.4099350615554e-05,0.00330490990292759
"108",579,"Timepoint:SexM",-0.104210359498651,0.0263759536361348,-3.95096082349355,9.96901994891632e-05,0.00338165203086982
"109",1291,"Timepoint:SexM",-0.104210359498651,0.0263759536361348,-3.95096082349355,9.96901994891632e-05,0.00338165203086982
"110",1386,"Timepoint:SexM",-0.164609779966997,0.0416684125788855,-3.95046918706975,9.98838146425094e-05,0.00338165203086982
"111",6560,"Timepoint:SexM",-0.0728273426668816,0.0184183867477975,-3.95405654491377,9.84792100902628e-05,0.00338165203086982
"112",770,"Timepoint:SexM",-0.122319405863206,0.0309847600419245,-3.9477280346112,0.000100969889477811,0.00338790039872869
"113",1433,"SexM",0.837633502746955,0.212516434159681,3.94149989415677,0.000103479364958561,0.00344137569481657
"114",7396,"Timepoint:SexM",-0.283149631543128,0.07188881976072,-3.93871581819793,0.000104620182708155,0.00344879514576531
"115",1435,"SexM",0.615132486586281,0.156425560070617,3.93242949751042,0.000107240156780143,0.00350442181895459
"116",109,"Timepoint:SexM",0.187928997130484,0.0482940463522324,3.89134916879454,0.000125956481672935,0.00404567912928965
"117",2834,"Timepoint:SexM",0.168836435025958,0.0433787939907367,3.89214220805704,0.000125567526036438,0.00404567912928965
"118",563,"SexM",2.39691273438403,0.617904402110107,3.87909962479425,0.00013211138819605,0.00419329282879198
"119",6292,"Timepoint:SexM",0.128152079272009,0.0330476745997281,3.87779415115229,0.000132783886808474,0.00419329282879198
"120",916,"Timepoint:SexM",0.188058685628755,0.0485285494505103,3.87521753190951,0.000134120730608866,0.00420021421356765
"121",378,"Timepoint:SexM",-0.0693087645868118,0.0179033477265552,-3.87127400111931,0.000136191497646378,0.00420615818488395
"122",6871,"SexM",1.76486256221887,0.455966279958035,3.87059885740082,0.000136549041659351,0.00420615818488395
"123",594,"Timepoint:SexM",-0.0672331952972047,0.0174065482014243,-3.86252314469236,0.000140895307711703,0.00430475257219985
"124",6376,"Timepoint:SexM",0.112636772261017,0.0293096123419017,3.84299768100274,0.000151951386393403,0.00460510733924524
"125",5095,"Timepoint:SexM",-0.0616149281412525,0.01613655367091,-3.8183449451371,0.000167085934320097,0.00502327152939941
"126",2833,"Timepoint:SexM",0.107041952952419,0.0281555179303197,3.80181082860313,0.000178023679441573,0.00530962688366216
"127",5046,"Timepoint:SexM",0.142916652961595,0.0377289794420468,3.78798088565106,0.000187689111875355,0.00555382427108332
"128",404,"Timepoint:SexM",0.0853669182968265,0.022590717241483,3.77884940014513,0.000194340529455907,0.00570571648199451
"129",5474,"Timepoint:SexM",-0.107790782291343,0.0289700182840834,-3.72077025407213,0.00024214806496541,0.00702739607208384
"130",6558,"Timepoint:SexM",-0.0657739934307552,0.0176824640984589,-3.7197300706799,0.00024309778855,0.00702739607208384
"131",1531,"Timepoint:SexM",-0.0696768421179279,0.0187959606735095,-3.70701148657586,0.000254998090458948,0.00731513606064678
"132",7077,"Timepoint:SexM",-0.0659800787660657,0.017835405538003,-3.69938763800341,0.00026239257825533,0.00747023719002675
"133",749,"SexM",2.45305983263019,0.663880419603464,3.69503265979045,0.000266706787761226,0.0075359707398999
"134",1472,"SexM",1.36933199949179,0.373593472116162,3.6652995881738,0.000297997280741847,0.00835726702259598
"135",530,"Timepoint:SexM",-0.0822908899815249,0.0225440979817117,-3.65021878667672,0.000315159639674018,0.00865231919711675
"136",5462,"Timepoint:SexM",-0.228257532828876,0.0625364541845985,-3.64999160577754,0.000315425154338743,0.00865231919711675
"137",7112,"Timepoint:SexM",0.123770057382046,0.0339092192959644,3.65004149171832,0.000315366832769342,0.00865231919711675
"138",3665,"Timepoint:SexM",0.114803332869446,0.0315174941312115,3.64252730218666,0.00032426700008873,0.00883040135024236
"139",6810,"Timepoint:SexM",-0.100221330683488,0.0275465114573056,-3.63825854460086,0.000329427876197857,0.00890640258094637
"140",2522,"Timepoint:SexM",0.195013936454712,0.0536540770723921,3.63465270666368,0.000333847414386731,0.00896141845189524
"141",7519,"Timepoint:SexM",-0.0934858492190972,0.0257513089947625,-3.63033386916801,0.000339214276749565,0.00904090249663026
"142",2931,"Timepoint:SexM",-0.111691743892141,0.0307880661945884,-3.62776093783289,0.000342450039312693,0.00906286794181058
"143",4938,"Timepoint:SexM",0.140058686921802,0.03868555109452,3.62043923271503,0.0003518175501205,0.00924566680666321
"144",309,"Timepoint:SexM",-0.0568804145524957,0.0157358015472218,-3.6147135169316,0.000359310496115966,0.00937700586391528
"145",4927,"Timepoint:SexM",0.111163082086348,0.0308002142772923,3.60916586766423,0.000366713346944327,0.00950419832977091
"146",495,"SexM",2.22772180750339,0.620756280314776,3.58872214127861,0.000395250063154298,0.0101736283379031
"147",1647,"Timepoint:SexM",-0.091086766189224,0.0254308446934774,-3.58174363797622,0.000405459756636414,0.0103654269757799
"148",3464,"Timepoint:SexM",0.219861305499436,0.0615239038607087,3.57359159128144,0.000417700005717663,0.0106061933884255
"149",2256,"Timepoint:SexM",-0.119736376244636,0.0335468704514278,-3.56922641764754,0.000424396117086075,0.0107038966980501
"150",4920,"Timepoint:SexM",0.133835020504084,0.0376031212698434,3.55914658104235,0.000440245508234418,0.0110296174662996
"151",1454,"SexM",0.564810759376959,0.159102666583197,3.54997670062061,0.000455145180865206,0.0113273880112016
"152",3566,"Timepoint:SexM",-0.075871013359168,0.0215361796195692,-3.52295600702674,0.000501848039653988,0.0124075324540769
"153",4918,"Timepoint:SexM",0.102306927082072,0.0291647643962623,3.50789485874204,0.000529793387222652,0.0130128336547891
"154",5815,"Timepoint:SexM",0.152161356984749,0.043513608389877,3.49686828132937,0.000551170273365453,0.0134499862812167
"155",1888,"Timepoint:SexM",-0.0906789384703152,0.0261009285494793,-3.47416523126432,0.000597752980578365,0.0144926174258935
"156",5196,"Timepoint:SexM",-0.0511299782350886,0.0147983206762007,-3.45512030411113,0.000639646163612395,0.0154089120695858
"157",613,"Timepoint:SexM",-0.0489186487652894,0.0142434086836514,-3.43447624454098,0.000688150070241023,0.016367518759277
"158",1460,"Timepoint:SexM",-0.0489186487652894,0.0142434086836514,-3.43447624454098,0.000688150070241023,0.016367518759277
"159",648,"Timepoint:SexM",-0.0732871010031946,0.0213914292386985,-3.42600301202003,0.000709036169744155,0.0166486341846538
"160",6413,"Timepoint:SexM",-0.106697772700789,0.0311588392497149,-3.42431795503311,0.000713259740215342,0.0166486341846538
"161",6415,"Timepoint:SexM",-0.108401695000212,0.0316307061044892,-3.42710322817697,0.000706291117086155,0.0166486341846538
"162",5115,"Timepoint:SexM",-0.139658432396548,0.0409185714017956,-3.41308182598035,0.000742029507861495,0.017118969178487
"163",5979,"Timepoint:SexM",0.135416300286608,0.0396778555143625,3.41289362872926,0.000742520483260611,0.017118969178487
"164",620,"SexM",0.525018287989923,0.15427199219696,3.40319898974034,0.000768226493238358,0.0173915371180105
"165",5470,"Timepoint:SexM",-0.212451387821623,0.0623684693843713,-3.406390920263,0.000759672508960838,0.0173915371180105
"166",5968,"Timepoint:SexM",0.145698133741492,0.0427948973226327,3.40456790077255,0.000764547023900643,0.0173915371180105
"167",6409,"Timepoint:SexM",-0.0830969906934311,0.0245131736262091,-3.38989116466687,0.000804868038386846,0.0181119406482501
"168",7022,"Timepoint:SexM",-0.0546389872018046,0.0161271632504044,-3.38800980392099,0.000810177811391782,0.0181229060429185
"169",1491,"SexM",0.52475903409366,0.155076924285945,3.38386279267482,0.000821997581042252,0.0182488089151017
"170",5152,"Timepoint:SexM",-0.200741959347505,0.0593447897475119,-3.38263831082023,0.000825518231923172,0.0182488089151017
"171",370,"Timepoint:SexM",-0.0490729315992983,0.0145438523534205,-3.3741357108701,0.000850355753864745,0.0185284561463032
"172",402,"Timepoint:SexM",0.109637279140897,0.0325018981193358,3.37325773215912,0.000852959795984685,0.0185284561463032
"173",1227,"Timepoint:SexM",-0.163526518521976,0.048464205314391,-3.374171049771,0.00085025109578819,0.0185284561463032
"174",1368,"SexM",0.60971421217828,0.181045572352143,3.36773887511789,0.000869499505045118,0.0187791904595377
"175",382,"Timepoint:SexM",0.0856629033750558,0.0255834789555871,3.34836804344579,0.000929949400350575,0.0199699991229569
"176",1101,"Timepoint:SexM",0.116719298072814,0.034993412514575,3.33546486854347,0.000972364669144368,0.0207621956059349
"177",4674,"Timepoint:SexM",0.249441076708766,0.074860229460551,3.33209073103647,0.000983749576596474,0.0208866153042347
"178",2806,"Timepoint:SexM",-0.047071315704112,0.0141891058641372,-3.31742649289016,0.00103468601731702,0.0218446632195358
"179",394,"Timepoint:SexM",-0.394667074859084,0.119202442805244,-3.31089754178866,0.00105814498956028,0.0220321692939614
"180",1889,"Timepoint:SexM",-0.122816840811435,0.037104007484794,-3.31006942745384,0.00106115557270011,0.0220321692939614
"181",6650,"Timepoint:SexM",-0.0594652461339157,0.0179644166548259,-3.31016850012444,0.00106079497798612,0.0220321692939614
"182",360,"Timepoint:SexM",-0.0696393944861097,0.0210817760106191,-3.30329828241375,0.00108607249082459,0.0224256067061473
"183",6811,"Timepoint:SexM",-0.112981653751713,0.034350222467134,-3.28910981172867,0.00114005888841698,0.0234117011074919
"184",688,"Timepoint:SexM",-0.211610643401209,0.0644736092215549,-3.28212808242265,0.00116753020536617,0.0238252529893903
"185",3597,"Timepoint:SexM",-0.167399852396025,0.0510242978767578,-3.28078698506262,0.00117287700985556,0.0238252529893903
"186",357,"Timepoint:SexM",-0.208427734080474,0.0638005192748671,-3.2668657943444,0.00122973919596981,0.024846020959433
"187",961,"Timepoint:SexM",0.0956284899513895,0.0293012384550846,3.26363304056164,0.00124330493502978,0.0249857751114541
"188",108,"Timepoint:SexM",0.179273345195067,0.0550204340626097,3.25830481437251,0.00126596763843349,0.0252717467694747
"189",1525,"SexM",0.502725573212554,0.154345836109653,3.25713725672131,0.00127098460336102,0.0252717467694747
"190",521,"Timepoint:SexM",0.122244289220775,0.0376044118301177,3.25079646965435,0.00129855461858845,0.025594909883803
"191",967,"Timepoint:SexM",0.130271009716032,0.0400800309651786,3.25027218240451,0.00130085891107141,0.025594909883803
"192",701,"Timepoint:SexM",0.351869418019286,0.10848173098783,3.24358225864556,0.00133059684325884,0.0260037133068152
"193",3792,"Timepoint:SexM",-0.117610723021241,0.0362716405698604,-3.24249802803153,0.00133547543060547,0.0260037133068152
"194",1850,"Timepoint:SexM",0.203797162166297,0.0629031916740227,3.23985407962153,0.00134744176318268,0.0261014749795903
"195",6652,"Timepoint:SexM",-0.0563004018310041,0.0173957311501895,-3.23644929580271,0.00136299812207564,0.0262674202192833
"196",1488,"SexM",0.491081377692653,0.152235242964701,3.22580611512225,0.00141270732404113,0.02708650063136
"197",670,"SexM",0.490878810377402,0.152415996947005,3.22065150778156,0.00143738146221712,0.0274196930711265
"198",964,"Timepoint:SexM",0.0915792188300502,0.0284643707768,3.21732806068885,0.00145350135962344,0.0275871621690146
"199",1864,"Timepoint:SexM",-0.174267554681604,0.0542442706663006,-3.21264444227965,0.00147650314783815,0.0276054668138099
"200",2153,"Timepoint:SexM",-0.0594821750220753,0.0185040894079657,-3.21454213231748,0.00146714302507263,0.0276054668138099
"201",2524,"Timepoint:SexM",0.108504174965579,0.0337595629137509,3.21402783687651,0.00146967427730477,0.0276054668138099
"202",2,"SexM",1.08637176876966,0.339146016529064,3.20325675615464,0.00152362608025028,0.0283454792553492
"203",6965,"Timepoint:SexM",-0.0794687531616245,0.0248763277013999,-3.1945532361335,0.00156855549838992,0.0290375939061544
"204",1515,"Timepoint:SexM",-0.0598091192622035,0.0187494951862135,-3.18990557709421,0.0015930471602857,0.0293464275899689
"205",3569,"Timepoint:SexM",-0.0774876375944753,0.0243300665364113,-3.18485103517948,0.00162008451815289,0.029554745724362
"206",4930,"Timepoint:SexM",0.0731911214041666,0.0229755120160089,3.18561437730609,0.00161597426271973,0.029554745724362
"207",4581,"Timepoint:SexM",0.131095438909214,0.0411922938590572,3.18252339521969,0.00163267762951338,0.0296405919406342
"208",5139,"Timepoint:SexM",0.0985142379183835,0.0310349588306355,3.1742989722009,0.00167790291887648,0.0303151883131626
"209",2154,"Timepoint:SexM",-0.0516099116460539,0.0162738217899771,-3.17134550888593,0.00169442457817367,0.0304672132285964
"210",996,"Timepoint:SexM",0.0840960437023713,0.0266088649789929,3.16045211882443,0.00175667188105693,0.0312870754929476
"211",6432,"Timepoint:SexM",-0.0845582413888343,0.026748176412728,-3.16127126141569,0.00175191859380516,0.0312870754929476
"212",2505,"SexM",2.22532810405276,0.705475280108526,3.15436722844552,0.00179235603937299,0.0317720471507722
"213",7139,"Timepoint:SexM",0.094640049074321,0.0300700111052252,3.14732338285953,0.00183450005131637,0.0323664375251029
"214",6451,"Timepoint:SexM",-0.148169199694375,0.0471102504391935,-3.1451583957428,0.00184763619625755,0.0324458730165228
"215",649,"Timepoint:SexM",0.146084081317656,0.0466260419942387,3.13310062509073,0.00192240073463266,0.0335653294559802
"216",4913,"Timepoint:SexM",0.105844446257592,0.0337943267630716,3.13201819345762,0.0019292472491995,0.0335653294559802
"217",3194,"Timepoint:SexM",-0.0754815044151604,0.0241742361227603,-3.12239460357111,0.00199111508418083,0.0343239013135392
"218",7003,"Timepoint:SexM",-0.112838222644283,0.0361372960672391,-3.12248659762284,0.00199051510453127,0.0343239013135392
"219",5921,"Timepoint:SexM",0.0887807952625354,0.028536836109447,3.11109454888536,0.00206609585259555,0.0354538274614342
"220",604,"SexM",0.76679212971652,0.247762206978991,3.09487124394859,0.00217830606830146,0.0367088529357708
"221",1425,"SexM",0.76679212971652,0.247762206978991,3.09487124394859,0.00217830606830146,0.0367088529357708
"222",4294,"Timepoint:SexM",-0.0614784992940382,0.0198455083710087,-3.09785459483864,0.00215725887199344,0.0367088529357708
"223",5570,"SexM",-1.09059701099136,0.352221455723388,-3.09633894605173,0.00216792805645261,0.0367088529357708
"224",5187,"Timepoint:SexM",-0.100844428463807,0.032700943023525,-3.08383854224814,0.00225779560340638,0.0378785530250053
"225",1399,"Timepoint:SexM",-0.17880778576763,0.0580333697167828,-3.08112016655687,0.00227778738242488,0.0380358758544696
"226",4601,"SexM",-2.98370018392305,0.968790820514561,-3.07981880168755,0.00228741563148221,0.0380358758544696
"227",919,"SexM",0.782583865877328,0.25427358420797,3.0777238159244,0.00230299433291222,0.0381262233616041
"228",4242,"Timepoint:SexM",0.0974267305000813,0.0317085299915123,3.07257165583394,0.00234172336320392,0.0385973526268435
"229",738,"SexM",0.818904922614496,0.268167363093474,3.05370837512787,0.00248869359258331,0.0408406572966292
"230",1560,"SexM",0.671343826862248,0.220490227747918,3.04477814604003,0.00256119114876133,0.041847636248022
"231",2786,"Timepoint:SexM",0.112850428263757,0.0371102540711661,3.04095003088215,0.00259285928868701,0.0419998500296802
"232",5985,"Timepoint:SexM",0.147477196741858,0.0484785773048149,3.04211065878805,0.00258322015091111,0.0419998500296802
"233",626,"Timepoint:SexM",0.099454075040671,0.0327899488967284,3.03306587496981,0.00265921834758088,0.042889882189738
"234",5959,"Timepoint:SexM",0.167557814604365,0.0555333860189264,3.01724469938245,0.00279711383475191,0.0447772267254803
"235",7009,"Timepoint:SexM",-0.100547586365536,0.0333279604052487,-3.01691388080566,0.00280006606718677,0.0447772267254803
"236",6893,"SexM",1.41834183559452,0.470658019969335,3.01352951700883,0.00283043301652729,0.0450710477801253
"237",929,"Timepoint:SexM",0.332993045923606,0.11081703749572,3.00489034401831,0.00290932621196578,0.045983763841699
"238",6423,"Timepoint:SexM",-0.0793708609707747,0.0264271005083943,-3.00338892439462,0.00292324134419611,0.045983763841699
"239",7340,"Timepoint:SexM",-0.176283842749907,0.0586975397289833,-3.00325777815969,0.00292445970148112,0.045983763841699
"240",1665,"SexM",0.758635879264855,0.254670626151715,2.97889038374183,0.00315909431807047,0.0492608981216134
"241",6593,"Timepoint:SexM",-0.0548017003593323,0.0183897566887992,-2.98001225827587,0.00314792354678263,0.0492608981216134
"242",356,"Timepoint:SexM",-0.121919828967958,0.0409893837413542,-2.97442454215171,0.00320392290802044,0.0495487336968757
"243",6246,"Timepoint:SexM",-0.152083870609174,0.0511146426100364,-2.97534840983731,0.00319460147791595,0.0495487336968757
"244",4603,"SexM",-1.32335418609327,0.445171788768534,-2.9726820510213,0.00322157177014172,0.0496174865253794
